Find Year,Main Fabric,Fabric Count,Year Total Count,Fabric Proportion
1966,Clay,210,317,0.662
1966,Terracotta,40,317,0.126
1966,Impasto,34,317,0.107
1966,Bucchero,12,317,0.038
1966,Bronze,8,317,0.025
1966,Coarse Ware,3,317,0.009
1966,Stone,3,317,0.009
1966,Plaster,2,317,0.006
1966,Antler,1,317,0.003
1966,Glass,1,317,0.003
1966,Lead,1,317,0.003
1966,Shell,1,317,0.003
1966,Slag,1,317,0.003
1967,Clay,361,541,0.667
1967,Terracotta,113,541,0.209
1967,Impasto,24,541,0.044
1967,Bucchero,15,541,0.028
1967,Bronze,11,541,0.02
1967,Iron,5,541,0.009
1967,Stone,5,541,0.009
1967,Antler,4,541,0.007
1967,Italo-Corinthian Ware,2,541,0.004
1967,Lead,1,541,0.002
1968,Clay,429,835,0.514
1968,Terracotta,324,835,0.388
1968,Impasto,45,835,0.054
1968,Bucchero,11,835,0.013
1968,Bronze,9,835,0.011
1968,Italo-Corinthian Ware,8,835,0.01
1968,Antler,3,835,0.004
1968,Coarse Ware,2,835,0.002
1968,Iron,2,835,0.002
1968,Bone,1,835,0.001
1968,Stone,1,835,0.001
1969,Terracotta,350,459,0.763
1969,Bronze,32,459,0.07
1969,Impasto,27,459,0.059
1969,Bucchero,24,459,0.052
1969,Clay,8,459,0.017
1969,Other Ceramic,7,459,0.015
1969,Amber,2,459,0.004
1969,Antler,1,459,0.002
1969,Bone,1,459,0.002
1969,Coarse Ware,1,459,0.002
1969,Fine Ware,1,459,0.002
1969,Iron,1,459,0.002
1969,Lead,1,459,0.002
1969,Stone,1,459,0.002
1969,Unclassified,1,459,0.002
1970,Terracotta,256,496,0.516
1970,Impasto,95,496,0.192
1970,Bucchero,57,496,0.115
1970,Bronze,39,496,0.079
1970,Clay,32,496,0.065
1970,Iron,7,496,0.014
1970,Bone,2,496,0.004
1970,Horn,2,496,0.004
1970,Fine Ware,1,496,0.002
1970,Glass,1,496,0.002
1970,Other Ceramic,1,496,0.002
1970,Shell,1,496,0.002
1970,Stone,1,496,0.002
1971,Terracotta,239,958,0.249
1971,Bucchero,174,958,0.182
1971,Impasto,159,958,0.166
1971,Bronze,110,958,0.115
1971,Ivory,97,958,0.101
1971,Clay,55,958,0.057
1971,Bone,36,958,0.038
1971,Glass,24,958,0.025
1971,Iron,24,958,0.025
1971,Italo-Corinthian Ware,14,958,0.015
1971,Gold,6,958,0.006
1971,Quartz,4,958,0.004
1971,Silver,4,958,0.004
1971,Stone,3,958,0.003
1971,Amber,2,958,0.002
1971,Antler,2,958,0.002
1971,Obsidian,2,958,0.002
1971,Seed,1,958,0.001
1972,Bucchero,141,527,0.268
1972,Bronze,103,527,0.195
1972,Terracotta,92,527,0.175
1972,Impasto,82,527,0.156
1972,Ivory,40,527,0.076
1972,Bone,14,527,0.027
1972,Antler,12,527,0.023
1972,Iron,9,527,0.017
1972,Clay,8,527,0.015
1972,Stone,5,527,0.009
1972,Wood,5,527,0.009
1972,Quartz,4,527,0.008
1972,Amber,3,527,0.006
1972,Italo-Corinthian Ware,3,527,0.006
1972,Glass,1,527,0.002
1972,Gold,1,527,0.002
1972,Horn,1,527,0.002
1972,Organic,1,527,0.002
1972,Plaster,1,527,0.002
1972,Unclassified,1,527,0.002
1973,Impasto,105,332,0.316
1973,Bucchero,104,332,0.313
1973,Terracotta,93,332,0.28
1973,Clay,13,332,0.039
1973,Bronze,7,332,0.021
1973,Bone,3,332,0.009
1973,Iron,2,332,0.006
1973,Stone,2,332,0.006
1973,Coarse Ware,1,332,0.003
1973,Italo-Corinthian Ware,1,332,0.003
1974,Bucchero,15,44,0.341
1974,Terracotta,11,44,0.25
1974,Impasto,6,44,0.136
1974,Clay,4,44,0.091
1974,Plaster,3,44,0.068
1974,Wood,3,44,0.068
1974,Ivory,1,44,0.023
1974,Quartz,1,44,0.023
1975,Impasto,44,124,0.355
1975,Terracotta,28,124,0.226
1975,Bone,15,124,0.121
1975,Bucchero,13,124,0.105
1975,Bronze,11,124,0.089
1975,Ivory,6,124,0.048
1975,Clay,2,124,0.016
1975,Quartz,2,124,0.016
1975,Stone,2,124,0.016
1975,Obsidian,1,124,0.008
1976,Impasto,79,186,0.425
1976,Terracotta,36,186,0.194
1976,Bucchero,32,186,0.172
1976,Bronze,8,186,0.043
1976,Antler,7,186,0.038
1976,Bone,7,186,0.038
1976,Italo-Corinthian Ware,6,186,0.032
1976,Clay,4,186,0.022
1976,Iron,2,186,0.011
1976,Coarse Ware,1,186,0.005
1976,Ivory,1,186,0.005
1976,Orange Ware,1,186,0.005
1976,Other Ceramic,1,186,0.005
1976,Wood,1,186,0.005
1977,Terracotta,106,300,0.353
1977,Impasto,95,300,0.317
1977,Bucchero,51,300,0.17
1977,Bronze,21,300,0.07
1977,Clay,10,300,0.033
1977,Antler,7,300,0.023
1977,Bone,5,300,0.017
1977,Glass,2,300,0.007
1977,Italo-Corinthian Ware,1,300,0.003
1977,Ivory,1,300,0.003
1977,Wood,1,300,0.003
1978,Bronze,89,295,0.302
1978,Ivory,48,295,0.163
1978,Bucchero,47,295,0.159
1978,Terracotta,45,295,0.153
1978,Impasto,29,295,0.098
1978,Bone,11,295,0.037
1978,Glass,9,295,0.031
1978,Iron,5,295,0.017
1978,Coarse Ware,4,295,0.014
1978,Wood,4,295,0.014
1978,Antler,3,295,0.01
1979,Bronze,72,311,0.232
1979,Terracotta,63,311,0.203
1979,Ivory,54,311,0.174
1979,Impasto,43,311,0.138
1979,Bucchero,35,311,0.113
1979,Bone,14,311,0.045
1979,Iron,8,311,0.026
1979,Antler,4,311,0.013
1979,Orange Ware,4,311,0.013
1979,Gray Ware,3,311,0.01
1979,Glass,2,311,0.006
1979,Italo-Corinthian Ware,2,311,0.006
1979,Organic,2,311,0.006
1979,Other Ceramic,2,311,0.006
1979,Coarse Ware,1,311,0.003
1979,Stone,1,311,0.003
1979,Wood,1,311,0.003
1980,Terracotta,67,306,0.219
1980,Impasto,41,306,0.134
1980,Seed,39,306,0.127
1980,Bronze,33,306,0.108
1980,Bucchero,24,306,0.078
1980,Bone,23,306,0.075
1980,Ivory,21,306,0.069
1980,Organic,14,306,0.046
1980,Antler,9,306,0.029
1980,Coarse Ware,6,306,0.02
1980,Other Ceramic,6,306,0.02
1980,Stone,5,306,0.016
1980,Iron,4,306,0.013
1980,Italo-Corinthian Ware,4,306,0.013
1980,Shell,3,306,0.01
1980,Obsidian,2,306,0.007
1980,Chert,1,306,0.003
1980,Fine Ware,1,306,0.003
1980,Horn,1,306,0.003
1980,Ionic Ware,1,306,0.003
1980,Orange Ware,1,306,0.003
1981,Bronze,75,228,0.329
1981,Impasto,37,228,0.162
1981,Terracotta,27,228,0.118
1981,Ivory,26,228,0.114
1981,Bone,19,228,0.083
1981,Bucchero,10,228,0.044
1981,Iron,7,228,0.031
1981,Glass,4,228,0.018
1981,Wood,4,228,0.018
1981,Coarse Ware,3,228,0.013
1981,Italo-Corinthian Ware,3,228,0.013
1981,Antler,2,228,0.009
1981,Gray Ware,2,228,0.009
1981,Obsidian,2,228,0.009
1981,Orange Ware,2,228,0.009
1981,Stone,2,228,0.009
1981,Ionic Ware,1,228,0.004
1981,Organic,1,228,0.004
1981,Shell,1,228,0.004
1982,Terracotta,94,195,0.482
1982,Impasto,24,195,0.123
1982,Ivory,22,195,0.113
1982,Bucchero,11,195,0.056
1982,Bronze,7,195,0.036
1982,Antler,6,195,0.031
1982,Plaster,6,195,0.031
1982,Bone,5,195,0.026
1982,Ionic Ware,5,195,0.026
1982,Stone,4,195,0.021
1982,Gray Ware,3,195,0.015
1982,Iron,2,195,0.01
1982,Italo-Corinthian Ware,2,195,0.01
1982,Clay,1,195,0.005
1982,Cream Ware,1,195,0.005
1982,Orange Ware,1,195,0.005
1982,Organic,1,195,0.005
1983,Terracotta,46,105,0.438
1983,Bucchero,13,105,0.124
1983,Bone,11,105,0.105
1983,Impasto,10,105,0.095
1983,Bronze,6,105,0.057
1983,Ionic Ware,5,105,0.048
1983,Ivory,3,105,0.029
1983,Coarse Ware,2,105,0.019
1983,Orange Ware,2,105,0.019
1983,Organic,2,105,0.019
1983,Antler,1,105,0.01
1983,Gray Ware,1,105,0.01
1983,Horn,1,105,0.01
1983,Quartz,1,105,0.01
1983,Red Ware,1,105,0.01
1984,Terracotta,97,222,0.437
1984,Bucchero,29,222,0.131
1984,Red Ware,19,222,0.086
1984,Coarse Ware,13,222,0.059
1984,Impasto,11,222,0.05
1984,Orange Ware,11,222,0.05
1984,Ionic Ware,7,222,0.032
1984,Stone,7,222,0.032
1984,Ivory,6,222,0.027
1984,Gray Ware,5,222,0.023
1984,Plaster,4,222,0.018
1984,Bronze,3,222,0.014
1984,Italo-Corinthian Ware,3,222,0.014
1984,Antler,2,222,0.009
1984,Bone,2,222,0.009
1984,Chert,1,222,0.005
1984,Other Ceramic,1,222,0.005
1984,Wood,1,222,0.005
1985,Terracotta,81,171,0.474
1985,Impasto,19,171,0.111
1985,Ivory,15,171,0.088
1985,Bucchero,14,171,0.082
1985,Bone,9,171,0.053
1985,Bronze,7,171,0.041
1985,Coarse Ware,7,171,0.041
1985,Orange Ware,6,171,0.035
1985,Plaster,5,171,0.029
1985,Ionic Ware,2,171,0.012
1985,Red Ware,2,171,0.012
1985,Cream Ware,1,171,0.006
1985,Iron,1,171,0.006
1985,Italo-Corinthian Ware,1,171,0.006
1985,Other Ceramic,1,171,0.006
1986,Terracotta,22,90,0.244
1986,Bucchero,14,90,0.156
1986,Ivory,14,90,0.156
1986,Bone,11,90,0.122
1986,Impasto,8,90,0.089
1986,Plaster,7,90,0.078
1986,Red Ware,6,90,0.067
1986,Bronze,2,90,0.022
1986,Gray Ware,2,90,0.022
1986,Clay,1,90,0.011
1986,Coarse Ware,1,90,0.011
1986,Ionic Ware,1,90,0.011
1986,Italo-Corinthian Ware,1,90,0.011
1987,Terracotta,54,157,0.344
1987,Impasto,39,157,0.248
1987,Bucchero,17,157,0.108
1987,Bronze,13,157,0.083
1987,Ivory,9,157,0.057
1987,Bone,4,157,0.025
1987,Plaster,4,157,0.025
1987,Coarse Ware,3,157,0.019
1987,Glass,3,157,0.019
1987,Italo-Corinthian Ware,3,157,0.019
1987,Antler,2,157,0.013
1987,Ionic Ware,2,157,0.013
1987,Iron,2,157,0.013
1987,Orange Ware,1,157,0.006
1987,Stone,1,157,0.006
1988,Terracotta,101,193,0.523
1988,Impasto,42,193,0.218
1988,Bucchero,18,193,0.093
1988,Bone,6,193,0.031
1988,Orange Ware,5,193,0.026
1988,Bronze,4,193,0.021
1988,Plaster,4,193,0.021
1988,Red Ware,4,193,0.021
1988,Coarse Ware,2,193,0.01
1988,Antler,1,193,0.005
1988,Cream Ware,1,193,0.005
1988,Gray Ware,1,193,0.005
1988,Iron,1,193,0.005
1988,Italo-Corinthian Ware,1,193,0.005
1988,Ivory,1,193,0.005
1989,Terracotta,51,178,0.287
1989,Impasto,47,178,0.264
1989,Bucchero,18,178,0.101
1989,Bronze,11,178,0.062
1989,Plaster,11,178,0.062
1989,Ivory,7,178,0.039
1989,Red Ware,7,178,0.039
1989,Bone,6,178,0.034
1989,Orange Ware,4,178,0.022
1989,Wood,4,178,0.022
1989,Slag,3,178,0.017
1989,Clay,2,178,0.011
1989,Ionic Ware,2,178,0.011
1989,Coarse Ware,1,178,0.006
1989,Glass,1,178,0.006
1989,Organic,1,178,0.006
1989,Seed,1,178,0.006
1989,Stone,1,178,0.006
1990,Impasto,27,101,0.267
1990,Terracotta,22,101,0.218
1990,Bronze,12,101,0.119
1990,Slag,10,101,0.099
1990,Bone,6,101,0.059
1990,Coarse Ware,4,101,0.04
1990,Ivory,4,101,0.04
1990,Stone,4,101,0.04
1990,Chert,2,101,0.02
1990,Ionic Ware,2,101,0.02
1990,Bucchero,1,101,0.01
1990,Glass,1,101,0.01
1990,Iron,1,101,0.01
1990,Italo-Corinthian Ware,1,101,0.01
1990,Quartz,1,101,0.01
1990,Red Ware,1,101,0.01
1990,Seed,1,101,0.01
1990,Shell,1,101,0.01
1991,Impasto,17,41,0.415
1991,Terracotta,12,41,0.293
1991,Bronze,4,41,0.098
1991,Bucchero,2,41,0.049
1991,Coarse Ware,2,41,0.049
1991,Shell,2,41,0.049
1991,Antler,1,41,0.024
1991,Stone,1,41,0.024
1992,Bone,15,87,0.172
1992,Impasto,13,87,0.149
1992,Bronze,11,87,0.126
1992,Orange Ware,9,87,0.103
1992,Red Ware,5,87,0.057
1992,Terracotta,5,87,0.057
1992,Bucchero,4,87,0.046
1992,Chert,3,87,0.034
1992,Coarse Ware,3,87,0.034
1992,Antler,2,87,0.023
1992,Iron,2,87,0.023
1992,Italo-Corinthian Ware,2,87,0.023
1992,Ivory,2,87,0.023
1992,Quartz,2,87,0.023
1992,Cream Ware,1,87,0.011
1992,Glass,1,87,0.011
1992,Gray Ware,1,87,0.011
1992,Other Ceramic,1,87,0.011
1992,Seed,1,87,0.011
1992,Silver,1,87,0.011
1992,Stone,1,87,0.011
1993,Terracotta,34,146,0.233
1993,Bronze,31,146,0.212
1993,Impasto,30,146,0.205
1993,Bucchero,20,146,0.137
1993,Bone,9,146,0.062
1993,Coarse Ware,5,146,0.034
1993,Iron,5,146,0.034
1993,Glass,3,146,0.021
1993,Chert,2,146,0.014
1993,Orange Ware,2,146,0.014
1993,Antler,1,146,0.007
1993,Cream Ware,1,146,0.007
1993,Obsidian,1,146,0.007
1993,Red Ware,1,146,0.007
1994,Impasto,41,184,0.223
1994,Bone,37,184,0.201
1994,Terracotta,28,184,0.152
1994,Bronze,16,184,0.087
1994,Plaster,15,184,0.082
1994,Bucchero,14,184,0.076
1994,Antler,9,184,0.049
1994,Stone,6,184,0.033
1994,Ionic Ware,4,184,0.022
1994,Orange Ware,3,184,0.016
1994,Cream Ware,2,184,0.011
1994,Iron,2,184,0.011
1994,Italo-Corinthian Ware,2,184,0.011
1994,Coarse Ware,1,184,0.005
1994,Glass,1,184,0.005
1994,Lead,1,184,0.005
1995,Impasto,33,192,0.172
1995,Bone,24,192,0.125
1995,Terracotta,24,192,0.125
1995,Bronze,18,192,0.094
1995,Antler,14,192,0.073
1995,Cream Ware,12,192,0.062
1995,Bucchero,11,192,0.057
1995,Iron,11,192,0.057
1995,Coarse Ware,7,192,0.036
1995,Plaster,7,192,0.036
1995,Italo-Corinthian Ware,6,192,0.031
1995,Orange Ware,6,192,0.031
1995,Stone,6,192,0.031
1995,Horn,3,192,0.016
1995,Seed,3,192,0.016
1995,Obsidian,2,192,0.01
1995,Wood,2,192,0.01
1995,Chert,1,192,0.005
1995,Slag,1,192,0.005
1996,Impasto,39,125,0.312
1996,Bronze,23,125,0.184
1996,Bucchero,13,125,0.104
1996,Antler,11,125,0.088
1996,Terracotta,9,125,0.072
1996,Bone,8,125,0.064
1996,Stone,8,125,0.064
1996,Iron,4,125,0.032
1996,Plaster,4,125,0.032
1996,Amber,1,125,0.008
1996,Glass,1,125,0.008
1996,Lead,1,125,0.008
1996,Obsidian,1,125,0.008
1996,Shell,1,125,0.008
1997,Bucchero,39,187,0.209
1997,Impasto,37,187,0.198
1997,Terracotta,36,187,0.193
1997,Bronze,18,187,0.096
1997,Antler,13,187,0.07
1997,Iron,9,187,0.048
1997,Bone,8,187,0.043
1997,Chert,7,187,0.037
1997,Ionic Ware,4,187,0.021
1997,Italo-Corinthian Ware,3,187,0.016
1997,Coarse Ware,2,187,0.011
1997,Plaster,2,187,0.011
1997,Shell,2,187,0.011
1997,Stone,2,187,0.011
1997,Ivory,1,187,0.005
1997,Obsidian,1,187,0.005
1997,Other Ceramic,1,187,0.005
1998,Impasto,52,186,0.28
1998,Terracotta,28,186,0.151
1998,Bucchero,25,186,0.134
1998,Bone,18,186,0.097
1998,Bronze,16,186,0.086
1998,Chert,8,186,0.043
1998,Stone,8,186,0.043
1998,Iron,7,186,0.038
1998,Plaster,6,186,0.032
1998,Seed,3,186,0.016
1998,Shell,3,186,0.016
1998,Cream Ware,2,186,0.011
1998,Italo-Corinthian Ware,2,186,0.011
1998,Other Ceramic,2,186,0.011
1998,Antler,1,186,0.005
1998,Coarse Ware,1,186,0.005
1998,Glass,1,186,0.005
1998,Orange Ware,1,186,0.005
1998,Organic,1,186,0.005
1998,Slag,1,186,0.005
1999,Impasto,32,107,0.299
1999,Terracotta,15,107,0.14
1999,Bronze,14,107,0.131
1999,Bucchero,13,107,0.121
1999,Bone,10,107,0.093
1999,Antler,3,107,0.028
1999,Coarse Ware,3,107,0.028
1999,Italo-Corinthian Ware,3,107,0.028
1999,Cream Ware,2,107,0.019
1999,Ivory,2,107,0.019
1999,Plaster,2,107,0.019
1999,Red Ware,2,107,0.019
1999,Amber,1,107,0.009
1999,Glass,1,107,0.009
1999,Horn,1,107,0.009
1999,Iron,1,107,0.009
1999,Orange Ware,1,107,0.009
1999,Shell,1,107,0.009
2000,Terracotta,42,150,0.28
2000,Impasto,38,150,0.253
2000,Bronze,15,150,0.1
2000,Bucchero,12,150,0.08
2000,Coarse Ware,9,150,0.06
2000,Iron,9,150,0.06
2000,Bone,7,150,0.047
2000,Cream Ware,5,150,0.033
2000,Italo-Corinthian Ware,3,150,0.02
2000,Gray Ware,2,150,0.013
2000,Orange Ware,2,150,0.013
2000,Plaster,2,150,0.013
2000,Glass,1,150,0.007
2000,Horn,1,150,0.007
2000,Ivory,1,150,0.007
2000,Shell,1,150,0.007
2001,Terracotta,26,97,0.268
2001,Impasto,22,97,0.227
2001,Bronze,9,97,0.093
2001,Bucchero,9,97,0.093
2001,Ivory,7,97,0.072
2001,Coarse Ware,5,97,0.052
2001,Ionic Ware,3,97,0.031
2001,Orange Ware,3,97,0.031
2001,Stone,3,97,0.031
2001,Antler,2,97,0.021
2001,Bone,2,97,0.021
2001,Cream Ware,1,97,0.01
2001,Gray Ware,1,97,0.01
2001,Italo-Corinthian Ware,1,97,0.01
2001,Medieval,1,97,0.01
2001,Other Ceramic,1,97,0.01
2001,Plaster,1,97,0.01
2002,Terracotta,23,81,0.284
2002,Impasto,15,81,0.185
2002,Bronze,14,81,0.173
2002,Iron,8,81,0.099
2002,Bone,6,81,0.074
2002,Coarse Ware,3,81,0.037
2002,Bucchero,2,81,0.025
2002,Ivory,2,81,0.025
2002,Lead,2,81,0.025
2002,Medieval,2,81,0.025
2002,Shell,2,81,0.025
2002,Gray Ware,1,81,0.012
2002,Stone,1,81,0.012
2003,Terracotta,42,161,0.261
2003,Impasto,34,161,0.211
2003,Bone,18,161,0.112
2003,Iron,14,161,0.087
2003,Bronze,12,161,0.075
2003,Bucchero,11,161,0.068
2003,Coarse Ware,6,161,0.037
2003,Stone,5,161,0.031
2003,Antler,4,161,0.025
2003,Medieval,3,161,0.019
2003,Other Ceramic,3,161,0.019
2003,Cream Ware,2,161,0.012
2003,Orange Ware,2,161,0.012
2003,Shell,2,161,0.012
2003,Glass,1,161,0.006
2003,Ionic Ware,1,161,0.006
2003,Ivory,1,161,0.006
2004,Impasto,42,192,0.219
2004,Terracotta,42,192,0.219
2004,Bronze,33,192,0.172
2004,Bucchero,18,192,0.094
2004,Iron,14,192,0.073
2004,Bone,10,192,0.052
2004,Coarse Ware,9,192,0.047
2004,Organic,5,192,0.026
2004,Ionic Ware,4,192,0.021
2004,Cream Ware,3,192,0.016
2004,Shell,3,192,0.016
2004,Antler,2,192,0.01
2004,Orange Ware,2,192,0.01
2004,Stone,2,192,0.01
2004,Glass,1,192,0.005
2004,Italo-Corinthian Ware,1,192,0.005
2004,Plaster,1,192,0.005
2005,Impasto,37,191,0.194
2005,Terracotta,32,191,0.168
2005,Bone,24,191,0.126
2005,Bucchero,23,191,0.12
2005,Bronze,20,191,0.105
2005,Coarse Ware,11,191,0.058
2005,Iron,8,191,0.042
2005,Cream Ware,5,191,0.026
2005,Ionic Ware,5,191,0.026
2005,Italo-Corinthian Ware,4,191,0.021
2005,Organic,4,191,0.021
2005,Slag,3,191,0.016
2005,Stone,3,191,0.016
2005,Wood,3,191,0.016
2005,Glass,2,191,0.01
2005,Ivory,2,191,0.01
2005,Amber,1,191,0.005
2005,Antler,1,191,0.005
2005,Chert,1,191,0.005
2005,Orange Ware,1,191,0.005
2005,Plaster,1,191,0.005
2006,Terracotta,77,244,0.316
2006,Impasto,59,244,0.242
2006,Terra Sigilata,34,244,0.139
2006,Black Glaze Ceramic,27,244,0.111
2006,Iron,16,244,0.066
2006,Bucchero,8,244,0.033
2006,Coarse Ware,8,244,0.033
2006,Other Ceramic,5,244,0.02
2006,Cream Ware,2,244,0.008
2006,Medieval,2,244,0.008
2006,Plaster,2,244,0.008
2006,Antler,1,244,0.004
2006,Bronze,1,244,0.004
2006,Chert,1,244,0.004
2006,Lead,1,244,0.004
2007,Impasto,121,349,0.347
2007,Terracotta,57,349,0.163
2007,Bucchero,40,349,0.115
2007,Bronze,28,349,0.08
2007,Bone,23,349,0.066
2007,Iron,21,349,0.06
2007,Coarse Ware,12,349,0.034
2007,Antler,8,349,0.023
2007,Ionic Ware,7,349,0.02
2007,Italo-Corinthian Ware,5,349,0.014
2007,Medieval,5,349,0.014
2007,Cream Ware,4,349,0.011
2007,Shell,4,349,0.011
2007,Chert,3,349,0.009
2007,Glass,2,349,0.006
2007,Horn,2,349,0.006
2007,Plaster,2,349,0.006
2007,Ivory,1,349,0.003
2007,Orange Ware,1,349,0.003
2007,Stone,1,349,0.003
2007,Wood,1,349,0.003
2008,Bone,49,242,0.202
2008,Impasto,47,242,0.194
2008,Bucchero,34,242,0.14
2008,Terracotta,28,242,0.116
2008,Bronze,21,242,0.087
2008,Fine Ware,10,242,0.041
2008,Iron,9,242,0.037
2008,Organic,9,242,0.037
2008,Antler,7,242,0.029
2008,Coarse Ware,7,242,0.029
2008,Italo-Corinthian Ware,4,242,0.017
2008,Stone,4,242,0.017
2008,Soil,3,242,0.012
2008,Horn,2,242,0.008
2008,Shell,2,242,0.008
2008,Cream Ware,1,242,0.004
2008,Glass,1,242,0.004
2008,Ionic Ware,1,242,0.004
2008,Obsidian,1,242,0.004
2008,Orange Ware,1,242,0.004
2008,Plaster,1,242,0.004
2009,Impasto,77,304,0.253
2009,Bronze,44,304,0.145
2009,Bone,39,304,0.128
2009,Terracotta,38,304,0.125
2009,Bucchero,26,304,0.086
2009,Coarse Ware,21,304,0.069
2009,Iron,10,304,0.033
2009,Cream Ware,7,304,0.023
2009,Italo-Corinthian Ware,6,304,0.02
2009,Plaster,6,304,0.02
2009,Slag,6,304,0.02
2009,Ionic Ware,4,304,0.013
2009,Glass,3,304,0.01
2009,Stone,3,304,0.01
2009,Antler,2,304,0.007
2009,Medieval,2,304,0.007
2009,Other Ceramic,2,304,0.007
2009,Shell,2,304,0.007
2009,Amber,1,304,0.003
2009,Chert,1,304,0.003
2009,Gray Ware,1,304,0.003
2009,Ivory,1,304,0.003
2009,Orange Ware,1,304,0.003
2010,Impasto,33,94,0.351
2010,Terracotta,16,94,0.17
2010,Chert,10,94,0.106
2010,Bucchero,8,94,0.085
2010,Coarse Ware,8,94,0.085
2010,Bronze,4,94,0.043
2010,Bone,3,94,0.032
2010,Iron,3,94,0.032
2010,Stone,3,94,0.032
2010,Glass,2,94,0.021
2010,Obsidian,2,94,0.021
2010,Ionic Ware,1,94,0.011
2010,Slag,1,94,0.011
2011,Terracotta,57,101,0.564
2011,Coarse Ware,14,101,0.139
2011,Chert,13,101,0.129
2011,Impasto,5,101,0.05
2011,Bronze,3,101,0.03
2011,Medieval,3,101,0.03
2011,Slag,2,101,0.02
2011,Black Glaze Ceramic,1,101,0.01
2011,Bucchero,1,101,0.01
2011,Iron,1,101,0.01
2011,Stone,1,101,0.01
2012,Terracotta,56,243,0.23
2012,Impasto,41,243,0.169
2012,Bronze,37,243,0.152
2012,Slag,28,243,0.115
2012,Bucchero,17,243,0.07
2012,Iron,16,243,0.066
2012,Bone,14,243,0.058
2012,Coarse Ware,9,243,0.037
2012,Chert,6,243,0.025
2012,Antler,4,243,0.016
2012,Medieval,3,243,0.012
2012,Cream Ware,2,243,0.008
2012,Glass,2,243,0.008
2012,Lead,2,243,0.008
2012,Stone,2,243,0.008
2012,Ionic Ware,1,243,0.004
2012,Organic,1,243,0.004
2012,Plaster,1,243,0.004
2013,Impasto,62,284,0.218
2013,Bone,57,284,0.201
2013,Bronze,32,284,0.113
2013,Coarse Ware,29,284,0.102
2013,Bucchero,24,284,0.085
2013,Antler,16,284,0.056
2013,Slag,16,284,0.056
2013,Terracotta,16,284,0.056
2013,Iron,11,284,0.039
2013,Stone,6,284,0.021
2013,Horn,5,284,0.018
2013,Chert,2,284,0.007
2013,Cream Ware,2,284,0.007
2013,Glass,2,284,0.007
2013,Amber,1,284,0.004
2013,Obsidian,1,284,0.004
2013,Plaster,1,284,0.004
2013,Shell,1,284,0.004
2014,Terracotta,38,144,0.264
2014,Bone,31,144,0.215
2014,Impasto,31,144,0.215
2014,Bronze,11,144,0.076
2014,Stone,10,144,0.069
2014,Bucchero,7,144,0.049
2014,Coarse Ware,4,144,0.028
2014,Iron,4,144,0.028
2014,Cream Ware,2,144,0.014
2014,Chert,1,144,0.007
2014,Horn,1,144,0.007
2014,Lead,1,144,0.007
2014,Obsidian,1,144,0.007
2014,Other,1,144,0.007
2014,Unclassified,1,144,0.007
2015,Terracotta,85,214,0.397
2015,Impasto,37,214,0.173
2015,Black Gloss or Slip,17,214,0.079
2015,Cream Ware,15,214,0.07
2015,Bone,11,214,0.051
2015,Bucchero,9,214,0.042
2015,Coarse Ware,8,214,0.037
2015,Red Slip,5,214,0.023
2015,Bronze,4,214,0.019
2015,Fine Impasto,4,214,0.019
2015,Stone,4,214,0.019
2015,Black Gloss Ceramic,2,214,0.009
2015,Fine Ware,2,214,0.009
2015,Iron,2,214,0.009
2015,Other Ceramic,2,214,0.009
2015,Slag,2,214,0.009
2015,Antler,1,214,0.005
2015,Horn,1,214,0.005
2015,Ionic Ware,1,214,0.005
2015,Plaster,1,214,0.005
2015,Terra Sigilata,1,214,0.005
2016,Impasto,60,255,0.235
2016,Terracotta,55,255,0.216
2016,Bronze,23,255,0.09
2016,Coarse Ware,21,255,0.082
2016,Fine Impasto,17,255,0.067
2016,Bone,14,255,0.055
2016,Black Gloss or Slip,13,255,0.051
2016,Bucchero,12,255,0.047
2016,Slag,8,255,0.031
2016,Plaster,5,255,0.02
2016,Black Gloss Ceramic,3,255,0.012
2016,Chert,3,255,0.012
2016,Fine Ware,3,255,0.012
2016,Other Ceramic,3,255,0.012
2016,Shell,3,255,0.012
2016,Stone,3,255,0.012
2016,Iron,2,255,0.008
2016,Antler,1,255,0.004
2016,Black Glaze Ceramic,1,255,0.004
2016,Cream Ware,1,255,0.004
2016,Gray Ware,1,255,0.004
2016,Silver,1,255,0.004
2017,Terracotta,34,129,0.264
2017,Impasto,17,129,0.132
2017,Bone,9,129,0.07
2017,Bucchero,9,129,0.07
2017,Bronze,8,129,0.062
2017,Plaster,8,129,0.062
2017,Fine Impasto,6,129,0.047
2017,Fine Ware,6,129,0.047
2017,Black Gloss Ceramic,5,129,0.039
2017,Other Ceramic,5,129,0.039
2017,Coarse Ware,4,129,0.031
2017,Slag,4,129,0.031
2017,Glass,2,129,0.016
2017,Iron,2,129,0.016
2017,Shell,2,129,0.016
2017,Stone,2,129,0.016
2017,Chert,1,129,0.008
2017,Gold,1,129,0.008
2017,Horn,1,129,0.008
2017,Obsidian,1,129,0.008
2017,Organic,1,129,0.008
2018,Organic,10,73,0.137
2018,Fine Impasto,8,73,0.11
2018,Slag,8,73,0.11
2018,Terracotta,7,73,0.096
2018,Bronze,6,73,0.082
2018,Impasto,6,73,0.082
2018,Bucchero,5,73,0.068
2018,Bone,4,73,0.055
2018,Plaster,4,73,0.055
2018,Coarse Ware,3,73,0.041
2018,Fine Ware,3,73,0.041
2018,Glass,3,73,0.041
2018,Iron,2,73,0.027
2018,Antler,1,73,0.014
2018,Horn,1,73,0.014
2018,Other,1,73,0.014
2018,Stone,1,73,0.014
2019,Impasto,26,126,0.206
2019,Fine Impasto,19,126,0.151
2019,Terracotta,14,126,0.111
2019,Bronze,13,126,0.103
2019,Coarse Ware,12,126,0.095
2019,Bone,10,126,0.079
2019,Antler,8,126,0.063
2019,Bucchero,5,126,0.04
2019,Iron,4,126,0.032
2019,Slag,4,126,0.032
2019,Plaster,3,126,0.024
2019,Fine Ware,2,126,0.016
2019,Soil,2,126,0.016
2019,Stone,2,126,0.016
2019,Chert,1,126,0.008
2022,Terracotta,16,95,0.168
2022,Impasto,15,95,0.158
2022,Fine Impasto,13,95,0.137
2022,Iron,8,95,0.084
2022,Plaster,8,95,0.084
2022,Bucchero,6,95,0.063
2022,Shell,6,95,0.063
2022,Bone,5,95,0.053
2022,Coarse Ware,5,95,0.053
2022,Bronze,4,95,0.042
2022,Soil,3,95,0.032
2022,Horn,2,95,0.021
2022,Cream Ware,1,95,0.011
2022,Fine Ware,1,95,0.011
2022,Lead,1,95,0.011
2022,Obsidian,1,95,0.011
2023,Terracotta,34,132,0.258
2023,Fine Impasto,18,132,0.136
2023,Bone,14,132,0.106
2023,Coarse Ware,13,132,0.098
2023,Bronze,12,132,0.091
2023,Organic,11,132,0.083
2023,Impasto,8,132,0.061
2023,Iron,7,132,0.053
2023,Antler,3,132,0.023
2023,Bucchero,3,132,0.023
2023,Fine Ware,3,132,0.023
2023,Amber,1,132,0.008
2023,Clay,1,132,0.008
2023,Glass,1,132,0.008
2023,Plaster,1,132,0.008
2023,Slag,1,132,0.008
2023,Stone,1,132,0.008
